{
  "Use Non-ASCII Font" : false,
  "Tags" : [

  ],
  "Ansi 12 Color" : {
    "Red Component" : 0.51372549999999995,
    "Color Space" : "sRGB",
    "Blue Component" : 0.59607845999999998,
    "Green Component" : 0.64705884000000002
  },
  "Ansi 7 Color" : {
    "Red Component" : 0.83529410000000004,
    "Color Space" : "sRGB",
    "Blue Component" : 0.63137259999999995,
    "Green Component" : 0.76862746000000004
  },
  "Ansi 8 Color" : {
    "Red Component" : 0.40000000000000002,
    "Color Space" : "sRGB",
    "Blue Component" : 0.32941176999999999,
    "Green Component" : 0.36078431999999999
  },
  "Bold Color" : {
    "Red Component" : 0.83529410000000004,
    "Color Space" : "sRGB",
    "Blue Component" : 0.63137259999999995,
    "Green Component" : 0.76862746000000004
  },
  "Ansi 9 Color" : {
    "Red Component" : 0.98431369999999996,
    "Color Space" : "sRGB",
    "Blue Component" : 0.20392157,
    "Green Component" : 0.28627451999999998
  },
  "Ansi 4 Color" : {
    "Red Component" : 0.51372549999999995,
    "Color Space" : "sRGB",
    "Blue Component" : 0.59607845999999998,
    "Green Component" : 0.64705884000000002
  },
  "Right Option Key Sends" : 0,
  "Rows" : 25,
  "Default Bookmark" : "No",
  "Cursor Guide Color" : {
    "Red Component" : 0.70213186740875244,
    "Color Space" : "sRGB",
    "Blue Component" : 1,
    "Alpha Component" : 0.25,
    "Green Component" : 0.9268307089805603
  },
  "Non-ASCII Anti Aliased" : true,
  "Use Bright Bold" : true,
  "Ansi 10 Color" : {
    "Red Component" : 0.72156863999999998,
    "Color Space" : "sRGB",
    "Blue Component" : 0.14901961,
    "Green Component" : 0.73333334999999999
  },
  "Ambiguous Double Width" : false,
  "Jobs to Ignore" : [
    "rlogin",
    "ssh",
    "slogin",
    "telnet"
  ],
  "Ansi 15 Color" : {
    "Red Component" : 0.98431369999999996,
    "Color Space" : "sRGB",
    "Blue Component" : 0.78039217000000005,
    "Green Component" : 0.94509803999999997
  },
  "Foreground Color" : {
    "Red Component" : 0.83529410000000004,
    "Color Space" : "sRGB",
    "Blue Component" : 0.63137259999999995,
    "Green Component" : 0.76862746000000004
  },
  "Working Directory" : "\/Users\/linnify",
  "Blinking Cursor" : false,
  "Disable Window Resizing" : true,
  "Sync Title" : false,
  "Prompt Before Closing 2" : false,
  "BM Growl" : true,
  "Command" : "",
  "Description" : "Default",
  "Mouse Reporting" : true,
  "Screen" : -1,
  "Selection Color" : {
    "Red Component" : 0.31372549999999999,
    "Color Space" : "sRGB",
    "Blue Component" : 0.27058824999999997,
    "Green Component" : 0.28627451999999998
  },
  "Columns" : 80,
  "Idle Code" : 0,
  "Ansi 13 Color" : {
    "Red Component" : 0.82745100000000005,
    "Color Space" : "sRGB",
    "Blue Component" : 0.60784316000000005,
    "Green Component" : 0.52549020000000002
  },
  "Custom Command" : "No",
  "ASCII Anti Aliased" : true,
  "Non Ascii Font" : "Monaco 12",
  "Vertical Spacing" : 1,
  "Use Bold Font" : true,
  "Option Key Sends" : 2,
  "Selected Text Color" : {
    "Red Component" : 0.83529410000000004,
    "Color Space" : "sRGB",
    "Blue Component" : 0.63137259999999995,
    "Green Component" : 0.76862746000000004
  },
  "Background Color" : {
    "Red Component" : 0.11372549,
    "Color Space" : "sRGB",
    "Blue Component" : 0.12941177000000001,
    "Green Component" : 0.1254902
  },
  "Character Encoding" : 4,
  "Ansi 11 Color" : {
    "Red Component" : 0.98039215999999996,
    "Color Space" : "sRGB",
    "Blue Component" : 0.18431373000000001,
    "Green Component" : 0.74117650000000002
  },
  "Use Italic Font" : true,
  "Unlimited Scrollback" : false,
  "Keyboard Map" : {
    "0xf700-0x260000" : {
      "Text" : "[1;6A",
      "Action" : 10
    },
    "0x37-0x40000" : {
      "Text" : "0x1f",
      "Action" : 11
    },
    "0x32-0x40000" : {
      "Text" : "0x00",
      "Action" : 11
    },
    "0xf709-0x20000" : {
      "Text" : "[17;2~",
      "Action" : 10
    },
    "0xf70c-0x20000" : {
      "Text" : "[20;2~",
      "Action" : 10
    },
    "0xf729-0x20000" : {
      "Text" : "[1;2H",
      "Action" : 10
    },
    "0xf72b-0x40000" : {
      "Text" : "[1;5F",
      "Action" : 10
    },
    "0xf705-0x20000" : {
      "Text" : "[1;2Q",
      "Action" : 10
    },
    "0xf703-0x260000" : {
      "Text" : "[1;6C",
      "Action" : 10
    },
    "0xf700-0x220000" : {
      "Text" : "[1;2A",
      "Action" : 10
    },
    "0xf701-0x280000" : {
      "Text" : "0x1b 0x1b 0x5b 0x42",
      "Action" : 11
    },
    "0x38-0x40000" : {
      "Text" : "0x7f",
      "Action" : 11
    },
    "0x33-0x40000" : {
      "Text" : "0x1b",
      "Action" : 11
    },
    "0xf703-0x220000" : {
      "Text" : "[1;2C",
      "Action" : 10
    },
    "0xf701-0x240000" : {
      "Text" : "[1;5B",
      "Action" : 10
    },
    "0xf70d-0x20000" : {
      "Text" : "[21;2~",
      "Action" : 10
    },
    "0xf702-0x260000" : {
      "Text" : "[1;6D",
      "Action" : 10
    },
    "0xf729-0x40000" : {
      "Text" : "[1;5H",
      "Action" : 10
    },
    "0xf706-0x20000" : {
      "Text" : "[1;2R",
      "Action" : 10
    },
    "0x34-0x40000" : {
      "Text" : "0x1c",
      "Action" : 11
    },
    "0xf700-0x280000" : {
      "Text" : "0x1b 0x1b 0x5b 0x41",
      "Action" : 11
    },
    "0x2d-0x40000" : {
      "Text" : "0x1f",
      "Action" : 11
    },
    "0xf70e-0x20000" : {
      "Text" : "[23;2~",
      "Action" : 10
    },
    "0xf702-0x220000" : {
      "Text" : "[1;2D",
      "Action" : 10
    },
    "0xf703-0x280000" : {
      "Text" : "0x1b 0x1b 0x5b 0x43",
      "Action" : 11
    },
    "0xf700-0x240000" : {
      "Text" : "[1;5A",
      "Action" : 10
    },
    "0xf707-0x20000" : {
      "Text" : "[1;2S",
      "Action" : 10
    },
    "0xf70a-0x20000" : {
      "Text" : "[18;2~",
      "Action" : 10
    },
    "0x35-0x40000" : {
      "Text" : "0x1d",
      "Action" : 11
    },
    "0xf70f-0x20000" : {
      "Text" : "[24;2~",
      "Action" : 10
    },
    "0xf703-0x240000" : {
      "Text" : "[1;5C",
      "Action" : 10
    },
    "0xf701-0x260000" : {
      "Text" : "[1;6B",
      "Action" : 10
    },
    "0xf702-0x280000" : {
      "Text" : "0x1b 0x1b 0x5b 0x44",
      "Action" : 11
    },
    "0xf72b-0x20000" : {
      "Text" : "[1;2F",
      "Action" : 10
    },
    "0x36-0x40000" : {
      "Text" : "0x1e",
      "Action" : 11
    },
    "0xf708-0x20000" : {
      "Text" : "[15;2~",
      "Action" : 10
    },
    "0xf701-0x220000" : {
      "Text" : "[1;2B",
      "Action" : 10
    },
    "0xf70b-0x20000" : {
      "Text" : "[19;2~",
      "Action" : 10
    },
    "0xf702-0x240000" : {
      "Text" : "[1;5D",
      "Action" : 10
    },
    "0xf704-0x20000" : {
      "Text" : "[1;2P",
      "Action" : 10
    }
  },
  "Window Type" : 0,
  "Background Image Location" : "",
  "Blur" : false,
  "Badge Color" : {
    "Red Component" : 1,
    "Color Space" : "sRGB",
    "Blue Component" : 0,
    "Alpha Component" : 0.5,
    "Green Component" : 0.1491314172744751
  },
  "Scrollback Lines" : 1000,
  "Send Code When Idle" : false,
  "Close Sessions On End" : true,
  "Terminal Type" : "xterm-256color",
  "Visual Bell" : true,
  "Flashing Bell" : false,
  "Silence Bell" : false,
  "Ansi 14 Color" : {
    "Red Component" : 0.55686279999999999,
    "Color Space" : "sRGB",
    "Blue Component" : 0.4862745,
    "Green Component" : 0.75294119999999998
  },
  "Name" : "Vlad",
  "Cursor Text Color" : {
    "Red Component" : 0.11372549,
    "Color Space" : "sRGB",
    "Blue Component" : 0.12941177000000001,
    "Green Component" : 0.1254902
  },
  "Shortcut" : "",
  "Cursor Color" : {
    "Red Component" : 0.83529410000000004,
    "Color Space" : "sRGB",
    "Blue Component" : 0.63137259999999995,
    "Green Component" : 0.76862746000000004
  },
  "Transparency" : 0,
  "Ansi 1 Color" : {
    "Red Component" : 0.98431369999999996,
    "Color Space" : "sRGB",
    "Blue Component" : 0.20392157,